timestamp,sensor_name,type,value
2023-02-20 20:39:18,sensor_0,Base,-56
2023-02-20 20:39:18,sensor_1,Type 1,40
2023-02-20 20:39:18,sensor_2,Type 2,-2
2023-02-20 20:39:18,sensor_3,Type 3,-34
2023-02-20 20:39:18,sensor_4,Type 4,72
2023-02-20 20:39:20,sensor_2,Type 2,-26
2023-02-20 20:39:21,sensor_3,Type 3,-38
2023-02-20 20:39:22,sensor_2,Type 2,-45
2023-02-20 20:39:23,sensor_0,Base,0
2023-02-20 20:39:24,sensor_2,Type 2,-23
2023-02-20 20:39:24,sensor_3,Type 3,-27
2023-02-20 20:39:26,sensor_4,Type 4,71
2023-02-20 20:39:26,sensor_2,Type 2,-11
2023-02-20 20:39:27,sensor_3,Type 3,35
2023-02-20 20:39:28,sensor_0,Base,70
2023-02-20 20:39:28,sensor_1,Type 1,82
2023-02-20 20:39:28,sensor_2,Type 2,96
2023-02-20 20:39:30,sensor_3,Type 3,80
2023-02-20 20:39:30,sensor_2,Type 2,21
2023-02-20 20:39:36,sensor_3,Type 3,46
2023-02-20 20:39:36,sensor_2,Type 2,-45
2023-02-20 20:39:38,sensor_1,Type 1,-81
2023-02-20 20:39:38,sensor_0,Base,-90
2023-02-20 20:39:38,sensor_2,Type 2,-86
2023-02-20 20:39:42,sensor_3,Type 3,-82
2023-02-20 20:39:42,sensor_2,Type 2,77
2023-02-20 20:39:43,sensor_0,Base,98
2023-02-20 20:39:44,sensor_2,Type 2,30
2023-02-20 20:39:45,sensor_3,Type 3,72
2023-02-20 20:39:51,sensor_3,Type 3,85
2023-02-20 20:39:52,sensor_2,Type 2,12
2023-02-20 20:39:53,sensor_0,Base,-8
2023-02-20 20:39:54,sensor_3,Type 3,26
2023-02-20 20:39:54,sensor_2,Type 2,-91
2023-02-20 20:39:57,sensor_3,Type 3,31
2023-02-20 20:39:58,sensor_1,Type 1,-27
2023-02-20 20:39:58,sensor_0,Base,-50
2023-02-20 20:39:58,sensor_4,Type 4,38
2023-02-20 20:39:58,sensor_2,Type 2,66
2023-02-20 20:40:00,sensor_3,Type 3,37
2023-02-20 20:40:00,sensor_2,Type 2,5
2023-02-20 20:40:02,sensor_2,Type 2,63
2023-02-20 20:40:03,sensor_0,Base,-100
2023-02-20 20:40:03,sensor_3,Type 3,55
2023-02-20 20:40:04,sensor_2,Type 2,30
2023-02-20 20:40:06,sensor_4,Type 4,-72
2023-02-20 20:40:06,sensor_3,Type 3,-72
2023-02-20 20:40:06,sensor_2,Type 2,-98
2023-02-20 20:40:08,sensor_1,Type 1,84
2023-02-20 20:40:08,sensor_0,Base,-65
2023-02-20 20:40:08,sensor_2,Type 2,-7
2023-02-20 20:40:09,sensor_3,Type 3,-40
2023-02-20 20:40:10,sensor_2,Type 2,32
2023-02-20 20:40:12,sensor_3,Type 3,67
2023-02-20 20:40:12,sensor_2,Type 2,66
2023-02-20 20:40:13,sensor_0,Base,-53
2023-02-20 20:40:14,sensor_4,Type 4,12
2023-02-20 20:40:14,sensor_2,Type 2,35
2023-02-20 20:40:15,sensor_3,Type 3,75
2023-02-20 20:40:16,sensor_2,Type 2,-66
2023-02-20 20:40:18,sensor_1,Type 1,96
2023-02-20 20:40:18,sensor_0,Base,13
2023-02-20 20:40:18,sensor_3,Type 3,94
2023-02-20 20:40:18,sensor_2,Type 2,-82
2023-02-20 20:40:20,sensor_2,Type 2,-88
2023-02-20 20:40:21,sensor_3,Type 3,-99
2023-02-20 20:40:22,sensor_4,Type 4,8
2023-02-20 20:40:22,sensor_2,Type 2,31
2023-02-20 20:40:23,sensor_0,Base,2
2023-02-20 20:40:24,sensor_3,Type 3,-62
2023-02-20 20:40:24,sensor_2,Type 2,-53
2023-02-20 20:40:26,sensor_2,Type 2,-8
2023-02-20 20:40:27,sensor_3,Type 3,-84
2023-02-20 20:40:28,sensor_1,Type 1,98
2023-02-20 20:40:28,sensor_0,Base,-6
2023-02-20 20:40:28,sensor_2,Type 2,-11
2023-02-20 20:40:30,sensor_4,Type 4,-61
2023-02-20 20:40:30,sensor_3,Type 3,-80
2023-02-20 20:40:30,sensor_2,Type 2,93
2023-02-20 20:40:32,sensor_2,Type 2,-18
2023-02-20 20:40:33,sensor_0,Base,22
2023-02-20 20:40:33,sensor_3,Type 3,23
2023-02-20 20:40:34,sensor_2,Type 2,-25
2023-02-20 20:40:36,sensor_3,Type 3,-81
2023-02-20 20:40:36,sensor_2,Type 2,-93
2023-02-20 20:40:38,sensor_1,Type 1,82
2023-02-20 20:40:38,sensor_4,Type 4,-21
2023-02-20 20:40:38,sensor_0,Base,22
2023-02-20 20:40:38,sensor_2,Type 2,68
2023-02-20 20:40:39,sensor_3,Type 3,-63
2023-02-20 20:40:40,sensor_2,Type 2,92
2023-02-20 20:40:42,sensor_3,Type 3,41
2023-02-20 20:40:42,sensor_2,Type 2,43
2023-02-20 20:40:43,sensor_0,Base,91
2023-02-20 20:40:44,sensor_2,Type 2,67
2023-02-20 20:40:45,sensor_3,Type 3,-47
2023-02-20 20:40:46,sensor_4,Type 4,5
2023-02-20 20:40:46,sensor_2,Type 2,-46
2023-02-20 20:40:48,sensor_1,Type 1,-19
2023-02-20 20:40:48,sensor_0,Base,91
2023-02-20 20:40:48,sensor_3,Type 3,-29
2023-02-20 20:40:48,sensor_2,Type 2,-59
2023-02-20 20:40:50,sensor_2,Type 2,-89
2023-02-20 20:40:51,sensor_3,Type 3,48
2023-02-20 20:40:52,sensor_2,Type 2,-62
2023-02-20 20:40:53,sensor_0,Base,65
2023-02-20 20:40:54,sensor_4,Type 4,-6
2023-02-20 20:40:54,sensor_3,Type 3,-58
2023-02-20 20:40:54,sensor_2,Type 2,-34
2023-02-20 20:40:56,sensor_2,Type 2,43
2023-02-20 20:40:57,sensor_3,Type 3,-48
2023-02-20 20:40:58,sensor_1,Type 1,-89
2023-02-20 20:40:58,sensor_0,Base,81
2023-02-20 20:40:58,sensor_2,Type 2,70
2023-02-20 20:41:00,sensor_3,Type 3,11
2023-02-20 20:41:00,sensor_2,Type 2,-14
2023-02-20 20:41:02,sensor_4,Type 4,-87
2023-02-20 20:41:02,sensor_2,Type 2,-24
2023-02-20 20:41:03,sensor_0,Base,5
2023-02-20 20:41:03,sensor_3,Type 3,19
2023-02-20 20:41:04,sensor_2,Type 2,90
2023-02-20 20:41:06,sensor_3,Type 3,-21
2023-02-20 20:41:06,sensor_2,Type 2,-36
2023-02-20 20:41:08,sensor_1,Type 1,-47
2023-02-20 20:41:08,sensor_0,Base,47
2023-02-20 20:41:08,sensor_2,Type 2,-12
2023-02-20 20:41:09,sensor_3,Type 3,-30
2023-02-20 20:41:10,sensor_4,Type 4,61
2023-02-20 20:41:10,sensor_2,Type 2,20
2023-02-20 20:41:12,sensor_3,Type 3,68
2023-02-20 20:41:12,sensor_2,Type 2,50
2023-02-20 20:41:13,sensor_0,Base,-95
2023-02-20 20:41:14,sensor_2,Type 2,-21
2023-02-20 20:41:15,sensor_3,Type 3,-8
2023-02-20 20:41:16,sensor_2,Type 2,-52
2023-02-20 20:41:18,sensor_1,Type 1,14
2023-02-20 20:41:18,sensor_4,Type 4,-7
2023-02-20 20:41:18,sensor_0,Base,-83
2023-02-20 20:41:18,sensor_3,Type 3,42
2023-02-20 20:41:18,sensor_2,Type 2,-95
2023-02-20 20:41:20,sensor_2,Type 2,77
2023-02-20 20:41:21,sensor_3,Type 3,-54
2023-02-20 20:41:22,sensor_2,Type 2,-25
2023-02-20 20:41:23,sensor_0,Base,1
2023-02-20 20:41:24,sensor_3,Type 3,-66
2023-02-20 20:41:24,sensor_2,Type 2,46
2023-02-20 20:41:26,sensor_4,Type 4,-13
2023-02-20 20:41:26,sensor_2,Type 2,78
2023-02-20 20:41:27,sensor_3,Type 3,16
2023-02-20 20:41:28,sensor_1,Type 1,47
2023-02-20 20:41:28,sensor_0,Base,93
2023-02-20 20:41:28,sensor_2,Type 2,-79
2023-02-20 20:41:30,sensor_3,Type 3,3
2023-02-20 20:41:30,sensor_2,Type 2,-91
2023-02-20 20:41:32,sensor_2,Type 2,12
2023-02-20 20:41:33,sensor_0,Base,-43
2023-02-20 20:41:33,sensor_3,Type 3,44
2023-02-20 20:41:34,sensor_4,Type 4,-85
2023-02-20 20:41:34,sensor_2,Type 2,-39
2023-02-20 20:41:36,sensor_3,Type 3,-92
2023-02-20 20:41:36,sensor_2,Type 2,-64
2023-02-20 20:41:38,sensor_1,Type 1,-15
2023-02-20 20:41:38,sensor_0,Base,-64
2023-02-20 20:41:38,sensor_2,Type 2,-36
2023-02-20 20:41:39,sensor_3,Type 3,25
2023-02-20 20:41:40,sensor_2,Type 2,-13
2023-02-20 20:41:42,sensor_4,Type 4,74
2023-02-20 20:41:42,sensor_3,Type 3,-77
2023-02-20 20:41:42,sensor_2,Type 2,-17
2023-02-20 20:41:43,sensor_0,Base,14
2023-02-20 20:41:44,sensor_2,Type 2,-24
2023-02-20 20:41:45,sensor_3,Type 3,-93
2023-02-20 20:41:46,sensor_2,Type 2,-1
2023-02-20 20:41:48,sensor_1,Type 1,-80
2023-02-20 20:41:48,sensor_0,Base,13
2023-02-20 20:41:48,sensor_3,Type 3,5
2023-02-20 20:41:48,sensor_2,Type 2,93
2023-02-20 20:41:50,sensor_4,Type 4,-60
2023-02-20 20:41:50,sensor_2,Type 2,-19
2023-02-20 20:41:51,sensor_3,Type 3,-61
2023-02-20 20:41:52,sensor_2,Type 2,47
2023-02-20 20:41:53,sensor_0,Base,12
2023-02-20 20:41:54,sensor_3,Type 3,-79
2023-02-20 20:41:54,sensor_2,Type 2,96
2023-02-20 20:41:56,sensor_2,Type 2,47
2023-02-20 20:41:57,sensor_3,Type 3,-29
2023-02-20 20:41:58,sensor_1,Type 1,7
2023-02-20 20:41:58,sensor_4,Type 4,-80
2023-02-20 20:41:58,sensor_0,Base,96
2023-02-20 20:41:58,sensor_2,Type 2,86
2023-02-20 20:42:00,sensor_3,Type 3,70
2023-02-20 20:42:00,sensor_2,Type 2,-33
2023-02-20 20:42:02,sensor_2,Type 2,61
2023-02-20 20:42:03,sensor_0,Base,-46
2023-02-20 20:42:03,sensor_3,Type 3,-43
2023-02-20 20:42:04,sensor_2,Type 2,3
2023-02-20 20:42:06,sensor_4,Type 4,-67
2023-02-20 20:42:06,sensor_3,Type 3,-71
2023-02-20 20:42:06,sensor_2,Type 2,-8
2023-02-20 20:42:08,sensor_1,Type 1,53
2023-02-20 20:42:08,sensor_0,Base,-13
2023-02-20 20:42:08,sensor_2,Type 2,17
2023-02-20 20:42:09,sensor_3,Type 3,-24
2023-02-20 20:42:10,sensor_2,Type 2,-32
2023-02-20 20:42:12,sensor_3,Type 3,17
2023-02-20 20:42:12,sensor_2,Type 2,28
2023-02-20 20:42:13,sensor_0,Base,-89
2023-02-20 20:42:14,sensor_4,Type 4,39
2023-02-20 20:42:14,sensor_2,Type 2,60
2023-02-20 20:42:15,sensor_3,Type 3,36
2023-02-20 20:42:16,sensor_2,Type 2,28
2023-02-20 20:42:18,sensor_1,Type 1,93
2023-02-20 20:42:18,sensor_0,Base,48
2023-02-20 20:42:18,sensor_3,Type 3,-39
2023-02-20 20:42:18,sensor_2,Type 2,-45
2023-02-20 20:42:20,sensor_2,Type 2,56
2023-02-20 20:42:21,sensor_3,Type 3,43
2023-02-20 20:42:22,sensor_4,Type 4,53
2023-02-20 20:42:22,sensor_2,Type 2,55
2023-02-20 20:42:23,sensor_0,Base,-98
2023-02-20 20:42:24,sensor_3,Type 3,30
2023-02-20 20:42:24,sensor_2,Type 2,39
2023-02-20 20:42:26,sensor_2,Type 2,11
2023-02-20 20:42:27,sensor_3,Type 3,41
2023-02-20 20:42:28,sensor_1,Type 1,29
2023-02-20 20:42:28,sensor_0,Base,-50
2023-02-20 20:42:28,sensor_2,Type 2,-65
2023-02-20 20:42:30,sensor_4,Type 4,-65
2023-02-20 20:42:30,sensor_3,Type 3,-54
2023-02-20 20:42:30,sensor_2,Type 2,-10
2023-02-20 20:42:32,sensor_2,Type 2,-4
2023-02-20 20:42:33,sensor_0,Base,-3
2023-02-20 20:42:33,sensor_3,Type 3,-82
2023-02-20 20:42:34,sensor_2,Type 2,98
2023-02-20 20:42:36,sensor_3,Type 3,-95
2023-02-20 20:42:36,sensor_2,Type 2,-4
2023-02-20 20:42:38,sensor_1,Type 1,53
2023-02-20 20:42:38,sensor_4,Type 4,-100
2023-02-20 20:42:38,sensor_0,Base,92
2023-02-20 20:42:38,sensor_2,Type 2,32
2023-02-20 20:42:39,sensor_3,Type 3,-70
2023-02-20 20:42:40,sensor_2,Type 2,-91
2023-02-20 20:42:42,sensor_3,Type 3,67
2023-02-20 20:42:42,sensor_2,Type 2,46
2023-02-20 20:42:43,sensor_0,Base,-78
2023-02-20 20:42:44,sensor_2,Type 2,67
2023-02-20 20:42:45,sensor_3,Type 3,93
2023-02-20 20:42:46,sensor_4,Type 4,91
2023-02-20 20:42:46,sensor_2,Type 2,30
2023-02-20 20:42:48,sensor_1,Type 1,49
2023-02-20 20:42:48,sensor_0,Base,-43
2023-02-20 20:42:48,sensor_3,Type 3,-25
2023-02-20 20:42:48,sensor_2,Type 2,-34
2023-02-20 20:42:50,sensor_2,Type 2,-8
2023-02-20 20:42:51,sensor_3,Type 3,42
2023-02-20 20:42:52,sensor_2,Type 2,40
2023-02-20 20:42:53,sensor_0,Base,-15
2023-02-20 20:42:54,sensor_4,Type 4,-22
2023-02-20 20:42:54,sensor_3,Type 3,93
2023-02-20 20:42:54,sensor_2,Type 2,13
2023-02-20 20:42:56,sensor_2,Type 2,71
2023-02-20 20:42:57,sensor_3,Type 3,93
2023-02-20 20:42:58,sensor_1,Type 1,-10
2023-02-20 20:42:58,sensor_0,Base,21
2023-02-20 20:42:58,sensor_2,Type 2,82
2023-02-20 20:43:00,sensor_3,Type 3,51
2023-02-20 20:43:00,sensor_2,Type 2,-66
2023-02-20 20:43:02,sensor_4,Type 4,98
2023-02-20 20:43:02,sensor_2,Type 2,-51
2023-02-20 20:43:03,sensor_0,Base,-25
2023-02-20 20:43:03,sensor_3,Type 3,-67
2023-02-20 20:43:04,sensor_2,Type 2,96
2023-02-20 20:43:06,sensor_3,Type 3,-11
2023-02-20 20:43:06,sensor_2,Type 2,-69
2023-02-20 20:43:08,sensor_1,Type 1,-34
2023-02-20 20:43:08,sensor_0,Base,-97
2023-02-20 20:43:08,sensor_2,Type 2,-89
2023-02-20 20:43:09,sensor_3,Type 3,-70
2023-02-20 20:43:10,sensor_4,Type 4,-92
2023-02-20 20:43:10,sensor_2,Type 2,2
2023-02-20 20:43:12,sensor_3,Type 3,13
2023-02-20 20:43:12,sensor_2,Type 2,11
2023-02-20 20:43:13,sensor_0,Base,21
2023-02-20 20:43:14,sensor_2,Type 2,-68
2023-02-20 20:43:15,sensor_3,Type 3,23
2023-02-20 20:43:16,sensor_2,Type 2,-56
2023-02-20 20:43:18,sensor_1,Type 1,66
2023-02-20 20:43:18,sensor_4,Type 4,-88
2023-02-20 20:43:18,sensor_0,Base,90
2023-02-20 20:43:18,sensor_3,Type 3,79
2023-02-20 20:43:18,sensor_2,Type 2,79
2023-02-20 20:43:21,sensor_2,Type 2,-50
2023-02-20 20:43:21,sensor_3,Type 3,70
2023-02-20 20:43:23,sensor_2,Type 2,-71
2023-02-20 20:43:23,sensor_0,Base,13
2023-02-20 20:43:24,sensor_3,Type 3,77
2023-02-20 20:43:25,sensor_2,Type 2,-9
2023-02-20 20:43:26,sensor_4,Type 4,-59
2023-02-20 20:43:27,sensor_2,Type 2,57
2023-02-20 20:43:27,sensor_3,Type 3,76
2023-02-20 20:43:28,sensor_1,Type 1,41
2023-02-20 20:43:28,sensor_0,Base,28
2023-02-20 20:43:29,sensor_2,Type 2,-74
2023-02-20 20:43:30,sensor_3,Type 3,-96
2023-02-20 20:43:31,sensor_2,Type 2,-47
2023-02-20 20:43:33,sensor_2,Type 2,-49
2023-02-20 20:43:33,sensor_0,Base,56
2023-02-20 20:43:33,sensor_3,Type 3,-18
2023-02-20 20:43:34,sensor_4,Type 4,30
2023-02-20 20:43:35,sensor_2,Type 2,-63
2023-02-20 20:43:36,sensor_3,Type 3,7
2023-02-20 20:43:37,sensor_2,Type 2,-53
2023-02-20 20:43:38,sensor_1,Type 1,40
2023-02-20 20:43:38,sensor_0,Base,32
2023-02-20 20:43:39,sensor_2,Type 2,22
2023-02-20 20:43:39,sensor_3,Type 3,54
2023-02-20 20:43:41,sensor_2,Type 2,64
2023-02-20 20:43:42,sensor_4,Type 4,-92
2023-02-20 20:43:42,sensor_3,Type 3,66
2023-02-20 20:43:43,sensor_2,Type 2,25
2023-02-20 20:43:43,sensor_0,Base,29
2023-02-20 20:43:45,sensor_2,Type 2,-32
2023-02-20 20:43:45,sensor_3,Type 3,2
2023-02-20 20:43:47,sensor_2,Type 2,-90
2023-02-20 20:43:48,sensor_1,Type 1,-48
2023-02-20 20:43:48,sensor_0,Base,-15
2023-02-20 20:43:48,sensor_3,Type 3,-15
2023-02-20 20:43:49,sensor_2,Type 2,59
2023-02-20 20:43:50,sensor_4,Type 4,-72
2023-02-20 20:43:51,sensor_2,Type 2,-83
2023-02-20 20:43:51,sensor_3,Type 3,93
2023-02-20 20:43:53,sensor_2,Type 2,-58
2023-02-20 20:43:53,sensor_0,Base,24
2023-02-20 20:43:54,sensor_3,Type 3,-90
2023-02-20 20:43:55,sensor_2,Type 2,-87
2023-02-20 20:43:57,sensor_2,Type 2,84
2023-02-20 20:43:57,sensor_3,Type 3,-9
2023-02-20 20:43:58,sensor_1,Type 1,94
2023-02-20 20:43:58,sensor_4,Type 4,12
2023-02-20 20:43:58,sensor_0,Base,-98
2023-02-20 20:43:59,sensor_2,Type 2,-27
2023-02-20 20:44:00,sensor_3,Type 3,-81
2023-02-20 20:44:01,sensor_2,Type 2,13
2023-02-20 20:44:03,sensor_2,Type 2,52
2023-02-20 20:44:03,sensor_0,Base,59
2023-02-20 20:44:03,sensor_3,Type 3,-97
2023-02-20 20:44:05,sensor_2,Type 2,-43
2023-02-20 20:44:06,sensor_4,Type 4,84
2023-02-20 20:44:06,sensor_3,Type 3,64
2023-02-20 20:44:07,sensor_2,Type 2,-46
2023-02-20 20:44:08,sensor_1,Type 1,50
2023-02-20 20:44:08,sensor_0,Base,42
2023-02-20 20:44:09,sensor_2,Type 2,-56
2023-02-20 20:44:10,sensor_3,Type 3,94
2023-02-20 20:44:11,sensor_2,Type 2,-74
2023-02-20 20:44:13,sensor_3,Type 3,-90
2023-02-20 20:44:13,sensor_2,Type 2,-71
2023-02-20 20:44:13,sensor_0,Base,-15
2023-02-20 20:44:14,sensor_4,Type 4,-80
2023-02-20 20:44:15,sensor_2,Type 2,-29
2023-02-20 20:44:16,sensor_3,Type 3,81
2023-02-20 20:44:17,sensor_2,Type 2,-39
2023-02-20 20:44:18,sensor_1,Type 1,-30
2023-02-20 20:44:18,sensor_0,Base,59
2023-02-20 20:44:19,sensor_3,Type 3,39
2023-02-20 20:44:19,sensor_2,Type 2,78
2023-02-20 20:44:21,sensor_2,Type 2,-59
2023-02-20 20:44:22,sensor_3,Type 3,66
2023-02-20 20:44:22,sensor_4,Type 4,49
2023-02-20 20:44:23,sensor_2,Type 2,-41
2023-02-20 20:44:23,sensor_0,Base,-58
2023-02-20 20:44:25,sensor_3,Type 3,59
2023-02-20 20:44:25,sensor_2,Type 2,-100
2023-02-20 20:44:27,sensor_2,Type 2,7
2023-02-20 20:44:28,sensor_3,Type 3,-63
2023-02-20 20:44:28,sensor_1,Type 1,90
2023-02-20 20:44:28,sensor_0,Base,18
2023-02-20 20:44:29,sensor_2,Type 2,-11
2023-02-20 20:44:30,sensor_4,Type 4,-80
2023-02-20 20:44:31,sensor_3,Type 3,-5
2023-02-20 20:44:31,sensor_2,Type 2,-42
2023-02-20 20:44:33,sensor_2,Type 2,-92
2023-02-20 20:44:33,sensor_0,Base,91
2023-02-20 20:44:34,sensor_3,Type 3,-40
2023-02-20 20:44:35,sensor_2,Type 2,-58
2023-02-20 20:44:37,sensor_3,Type 3,57
2023-02-20 20:44:37,sensor_2,Type 2,-20
2023-02-20 20:44:38,sensor_1,Type 1,42
2023-02-20 20:44:38,sensor_4,Type 4,39
2023-02-20 20:44:38,sensor_0,Base,45
2023-02-20 20:44:39,sensor_2,Type 2,80
2023-02-20 20:44:40,sensor_3,Type 3,-34
2023-02-20 20:44:41,sensor_2,Type 2,-83
2023-02-20 20:44:43,sensor_3,Type 3,-11
2023-02-20 20:44:43,sensor_2,Type 2,26
2023-02-20 20:44:43,sensor_0,Base,-10
2023-02-20 20:44:45,sensor_2,Type 2,-24
2023-02-20 20:44:46,sensor_3,Type 3,82
2023-02-20 20:44:46,sensor_4,Type 4,-17
2023-02-20 20:44:47,sensor_2,Type 2,85
2023-02-20 20:44:48,sensor_1,Type 1,-40
2023-02-20 20:44:48,sensor_0,Base,-24
2023-02-20 20:44:49,sensor_3,Type 3,47
2023-02-20 20:44:49,sensor_2,Type 2,87
2023-02-20 20:44:51,sensor_2,Type 2,-81
2023-02-20 20:44:52,sensor_3,Type 3,48
2023-02-20 20:44:53,sensor_2,Type 2,59
2023-02-20 20:44:53,sensor_0,Base,-37
2023-02-20 20:44:54,sensor_4,Type 4,-93
2023-02-20 20:44:55,sensor_3,Type 3,-46
2023-02-20 20:44:55,sensor_2,Type 2,56
2023-02-20 20:44:57,sensor_2,Type 2,85
2023-02-20 20:44:58,sensor_3,Type 3,-6
2023-02-20 20:44:58,sensor_1,Type 1,23
2023-02-20 20:44:58,sensor_0,Base,-88
2023-02-20 20:44:59,sensor_2,Type 2,61
2023-02-20 20:45:01,sensor_3,Type 3,5
2023-02-20 20:45:01,sensor_2,Type 2,-26
2023-02-20 20:45:02,sensor_4,Type 4,77
2023-02-20 20:45:03,sensor_2,Type 2,24
2023-02-20 20:45:03,sensor_0,Base,82
2023-02-20 20:45:04,sensor_3,Type 3,-90
2023-02-20 20:45:05,sensor_2,Type 2,7
2023-02-20 20:45:07,sensor_3,Type 3,-56
2023-02-20 20:45:07,sensor_2,Type 2,79
2023-02-20 20:45:08,sensor_1,Type 1,-5
2023-02-20 20:45:08,sensor_0,Base,25
2023-02-20 20:45:09,sensor_2,Type 2,-81
2023-02-20 20:45:10,sensor_3,Type 3,46
2023-02-20 20:45:10,sensor_4,Type 4,43
2023-02-20 20:45:11,sensor_2,Type 2,40
2023-02-20 20:45:13,sensor_3,Type 3,-45
2023-02-20 20:45:13,sensor_2,Type 2,-99
2023-02-20 20:45:13,sensor_0,Base,-94
2023-02-20 20:45:15,sensor_2,Type 2,-26
2023-02-20 20:45:16,sensor_3,Type 3,0
2023-02-20 20:45:17,sensor_2,Type 2,-16
2023-02-20 20:45:18,sensor_1,Type 1,-23
2023-02-20 20:45:18,sensor_4,Type 4,71
2023-02-20 20:45:18,sensor_0,Base,-93
2023-02-20 20:45:19,sensor_3,Type 3,14
2023-02-20 20:45:19,sensor_2,Type 2,-58
2023-02-20 20:45:21,sensor_2,Type 2,-13
2023-02-20 20:45:22,sensor_3,Type 3,73
2023-02-20 20:45:23,sensor_2,Type 2,54
2023-02-20 20:45:23,sensor_0,Base,23
2023-02-20 20:45:25,sensor_3,Type 3,-5
2023-02-20 20:45:25,sensor_2,Type 2,87
2023-02-20 20:45:26,sensor_4,Type 4,90
2023-02-20 20:45:27,sensor_2,Type 2,-57
2023-02-20 20:45:28,sensor_3,Type 3,33
2023-02-20 20:45:28,sensor_1,Type 1,93
2023-02-20 20:45:28,sensor_0,Base,-86
2023-02-20 20:45:29,sensor_2,Type 2,-50
2023-02-20 20:45:31,sensor_3,Type 3,2
2023-02-20 20:45:31,sensor_2,Type 2,-38
2023-02-20 20:45:33,sensor_2,Type 2,2
2023-02-20 20:45:33,sensor_0,Base,9
2023-02-20 20:45:34,sensor_3,Type 3,79
2023-02-20 20:45:34,sensor_4,Type 4,88
2023-02-20 20:45:35,sensor_2,Type 2,3
2023-02-20 20:45:37,sensor_3,Type 3,-75
2023-02-20 20:45:37,sensor_2,Type 2,-75
2023-02-20 20:45:38,sensor_1,Type 1,2
2023-02-20 20:45:38,sensor_0,Base,98
2023-02-20 20:45:39,sensor_2,Type 2,99
2023-02-20 20:45:40,sensor_3,Type 3,-86
2023-02-20 20:45:41,sensor_2,Type 2,70
2023-02-20 20:45:42,sensor_4,Type 4,-77
2023-02-20 20:45:43,sensor_3,Type 3,71
2023-02-20 20:45:43,sensor_2,Type 2,45
2023-02-20 20:45:43,sensor_0,Base,28
2023-02-20 20:45:45,sensor_2,Type 2,28
2023-02-20 20:45:46,sensor_3,Type 3,26
2023-02-20 20:45:47,sensor_2,Type 2,56
2023-02-20 20:45:48,sensor_1,Type 1,-62
2023-02-20 20:45:48,sensor_0,Base,56
2023-02-20 20:45:49,sensor_3,Type 3,-1
2023-02-20 20:45:49,sensor_2,Type 2,-46
2023-02-20 20:45:50,sensor_4,Type 4,-63
2023-02-20 20:45:51,sensor_2,Type 2,22
2023-02-20 20:45:52,sensor_3,Type 3,75
2023-02-20 20:45:53,sensor_2,Type 2,1
2023-02-20 20:45:53,sensor_0,Base,-21
2023-02-20 20:45:55,sensor_3,Type 3,-62
2023-02-20 20:45:55,sensor_2,Type 2,-68
2023-02-20 20:45:57,sensor_2,Type 2,7
2023-02-20 20:45:58,sensor_3,Type 3,-66
2023-02-20 20:45:58,sensor_1,Type 1,-13
2023-02-20 20:45:58,sensor_4,Type 4,9
2023-02-20 20:45:58,sensor_0,Base,-3
2023-02-20 20:45:59,sensor_2,Type 2,32
2023-02-20 20:46:01,sensor_3,Type 3,-29
2023-02-20 20:46:01,sensor_2,Type 2,94
2023-02-20 20:46:03,sensor_2,Type 2,72
2023-02-20 20:46:03,sensor_0,Base,-91
2023-02-20 20:46:04,sensor_3,Type 3,87
2023-02-20 20:46:05,sensor_2,Type 2,-82
2023-02-20 20:46:06,sensor_4,Type 4,-71
2023-02-20 20:46:07,sensor_3,Type 3,12
2023-02-20 20:46:07,sensor_2,Type 2,-27
2023-02-20 20:46:08,sensor_1,Type 1,59
2023-02-20 20:46:08,sensor_0,Base,55
2023-02-20 20:46:09,sensor_2,Type 2,41
2023-02-20 20:46:10,sensor_3,Type 3,-74
2023-02-20 20:46:11,sensor_2,Type 2,74
2023-02-20 20:46:13,sensor_3,Type 3,80
2023-02-20 20:46:13,sensor_2,Type 2,-25
2023-02-20 20:46:13,sensor_0,Base,88
2023-02-20 20:46:14,sensor_4,Type 4,32
2023-02-20 20:46:15,sensor_2,Type 2,8
2023-02-20 20:46:16,sensor_3,Type 3,49
2023-02-20 20:46:17,sensor_2,Type 2,17
2023-02-20 20:46:18,sensor_1,Type 1,-14
2023-02-20 20:46:18,sensor_0,Base,51
2023-02-20 20:46:19,sensor_3,Type 3,-19
2023-02-20 20:46:19,sensor_2,Type 2,39
2023-02-20 20:46:21,sensor_2,Type 2,85
2023-02-20 20:46:22,sensor_3,Type 3,-40
2023-02-20 20:46:22,sensor_4,Type 4,-20
2023-02-20 20:46:23,sensor_2,Type 2,44
2023-02-20 20:46:23,sensor_0,Base,-73
2023-02-20 20:46:25,sensor_3,Type 3,-18
2023-02-20 20:46:25,sensor_2,Type 2,50
2023-02-20 20:46:27,sensor_2,Type 2,-14
2023-02-20 20:46:28,sensor_3,Type 3,-62
2023-02-20 20:46:28,sensor_1,Type 1,-43
2023-02-20 20:46:28,sensor_0,Base,-59
2023-02-20 20:46:29,sensor_2,Type 2,-100
2023-02-20 20:46:30,sensor_4,Type 4,99
2023-02-20 20:46:31,sensor_3,Type 3,-54
2023-02-20 20:46:31,sensor_2,Type 2,-38
2023-02-20 20:46:33,sensor_2,Type 2,62
2023-02-20 20:46:33,sensor_0,Base,65
2023-02-20 20:46:34,sensor_3,Type 3,-72
2023-02-20 20:46:35,sensor_2,Type 2,-1
2023-02-20 20:46:37,sensor_3,Type 3,62
2023-02-20 20:46:37,sensor_2,Type 2,-21
2023-02-20 20:46:38,sensor_1,Type 1,54
2023-02-20 20:46:38,sensor_4,Type 4,28
2023-02-20 20:46:38,sensor_0,Base,-79
2023-02-20 20:46:39,sensor_2,Type 2,53
2023-02-20 20:46:40,sensor_3,Type 3,21
2023-02-20 20:46:41,sensor_2,Type 2,-19
2023-02-20 20:46:43,sensor_3,Type 3,-2
2023-02-20 20:46:43,sensor_2,Type 2,36
2023-02-20 20:46:43,sensor_0,Base,77
2023-02-20 20:46:45,sensor_2,Type 2,75
2023-02-20 20:46:46,sensor_3,Type 3,68
2023-02-20 20:46:46,sensor_4,Type 4,-81
2023-02-20 20:46:47,sensor_2,Type 2,-22
2023-02-20 20:46:48,sensor_1,Type 1,53
2023-02-20 20:46:48,sensor_0,Base,99
2023-02-20 20:46:49,sensor_3,Type 3,-40
2023-02-20 20:46:49,sensor_2,Type 2,31
2023-02-20 20:46:51,sensor_2,Type 2,-54
2023-02-20 20:46:52,sensor_3,Type 3,-2
2023-02-20 20:46:53,sensor_2,Type 2,39
2023-02-20 20:46:53,sensor_0,Base,-19
2023-02-20 20:46:54,sensor_4,Type 4,96
2023-02-20 20:46:55,sensor_3,Type 3,24
2023-02-20 20:46:55,sensor_2,Type 2,-13
2023-02-20 20:46:57,sensor_2,Type 2,-16
2023-02-20 20:46:58,sensor_3,Type 3,-54
2023-02-20 20:46:58,sensor_1,Type 1,-12
2023-02-20 20:46:58,sensor_0,Base,88
2023-02-20 20:46:59,sensor_2,Type 2,97
2023-02-20 20:47:01,sensor_3,Type 3,-97
2023-02-20 20:47:01,sensor_2,Type 2,-74
2023-02-20 20:47:02,sensor_4,Type 4,62
2023-02-20 20:47:03,sensor_2,Type 2,-45
2023-02-20 20:47:03,sensor_0,Base,37
2023-02-20 20:47:04,sensor_3,Type 3,-38
2023-02-20 20:47:05,sensor_2,Type 2,19
2023-02-20 20:47:07,sensor_3,Type 3,-61
2023-02-20 20:47:07,sensor_2,Type 2,-29
2023-02-20 20:47:08,sensor_1,Type 1,14
2023-02-20 20:47:08,sensor_0,Base,-59
2023-02-20 20:47:09,sensor_2,Type 2,50
2023-02-20 20:47:10,sensor_3,Type 3,3
2023-02-20 20:47:10,sensor_4,Type 4,-88
2023-02-20 20:47:11,sensor_2,Type 2,-59
2023-02-20 20:47:13,sensor_3,Type 3,10
2023-02-20 20:47:13,sensor_2,Type 2,-12
2023-02-20 20:47:13,sensor_0,Base,45
2023-02-20 20:47:15,sensor_2,Type 2,2
2023-02-20 20:47:16,sensor_3,Type 3,96
2023-02-20 20:47:17,sensor_2,Type 2,72
2023-02-20 20:47:18,sensor_1,Type 1,58
2023-02-20 20:47:18,sensor_4,Type 4,-39
2023-02-20 20:47:18,sensor_0,Base,-83
2023-02-20 20:47:19,sensor_3,Type 3,23
2023-02-20 20:47:19,sensor_2,Type 2,28
2023-02-20 20:47:21,sensor_2,Type 2,48
2023-02-20 20:47:22,sensor_3,Type 3,53
2023-02-20 20:47:23,sensor_2,Type 2,43
2023-02-20 20:47:23,sensor_0,Base,-32
2023-02-20 20:47:25,sensor_3,Type 3,-14
2023-02-20 20:47:25,sensor_2,Type 2,43
2023-02-20 20:47:26,sensor_4,Type 4,57
2023-02-20 20:47:27,sensor_2,Type 2,-8
2023-02-20 20:47:28,sensor_1,Type 1,60
2023-02-20 20:47:28,sensor_3,Type 3,55
2023-02-20 20:47:28,sensor_0,Base,12
2023-02-20 20:47:29,sensor_2,Type 2,74
2023-02-20 20:47:31,sensor_3,Type 3,73
2023-02-20 20:47:31,sensor_2,Type 2,-77
2023-02-20 20:47:33,sensor_0,Base,-10
2023-02-20 20:47:33,sensor_2,Type 2,1
2023-02-20 20:47:34,sensor_3,Type 3,-73
2023-02-20 20:47:34,sensor_4,Type 4,43
2023-02-20 20:47:35,sensor_2,Type 2,47
2023-02-20 20:47:37,sensor_3,Type 3,48
2023-02-20 20:47:37,sensor_2,Type 2,74
2023-02-20 20:47:38,sensor_1,Type 1,22
2023-02-20 20:47:38,sensor_0,Base,79
2023-02-20 20:47:39,sensor_2,Type 2,-48
2023-02-20 20:47:40,sensor_3,Type 3,-61
2023-02-20 20:47:41,sensor_2,Type 2,43
2023-02-20 20:47:42,sensor_4,Type 4,58
2023-02-20 20:47:43,sensor_3,Type 3,-97
2023-02-20 20:47:43,sensor_0,Base,-24
2023-02-20 20:47:43,sensor_2,Type 2,-10
2023-02-20 20:47:45,sensor_2,Type 2,-13
2023-02-20 20:47:46,sensor_3,Type 3,-21
2023-02-20 20:47:47,sensor_2,Type 2,-83
2023-02-20 20:47:48,sensor_1,Type 1,65
2023-02-20 20:47:48,sensor_0,Base,-84
2023-02-20 20:47:49,sensor_3,Type 3,55
2023-02-20 20:47:49,sensor_2,Type 2,50
2023-02-20 20:47:50,sensor_4,Type 4,-68
2023-02-20 20:47:52,sensor_2,Type 2,26
2023-02-20 20:47:52,sensor_3,Type 3,91
2023-02-20 20:47:53,sensor_0,Base,95
2023-02-20 20:47:54,sensor_2,Type 2,-74
2023-02-20 20:47:55,sensor_3,Type 3,-99
2023-02-20 20:47:56,sensor_2,Type 2,-88
2023-02-20 20:47:58,sensor_2,Type 2,82
2023-02-20 20:47:58,sensor_1,Type 1,-51
2023-02-20 20:47:58,sensor_3,Type 3,-15
2023-02-20 20:47:58,sensor_4,Type 4,-44
2023-02-20 20:47:58,sensor_0,Base,23
2023-02-20 20:48:00,sensor_2,Type 2,-42
2023-02-20 20:48:01,sensor_3,Type 3,-33
2023-02-20 20:48:02,sensor_2,Type 2,61
2023-02-20 20:48:03,sensor_0,Base,-52
2023-02-20 20:48:04,sensor_2,Type 2,28
2023-02-20 20:48:04,sensor_3,Type 3,-42
2023-02-20 20:48:06,sensor_2,Type 2,-90
2023-02-20 20:48:06,sensor_4,Type 4,-42
2023-02-20 20:48:07,sensor_3,Type 3,-92
2023-02-20 20:48:08,sensor_2,Type 2,-48
2023-02-20 20:48:08,sensor_1,Type 1,-12
2023-02-20 20:48:08,sensor_0,Base,62
2023-02-20 20:48:10,sensor_2,Type 2,16
2023-02-20 20:48:10,sensor_3,Type 3,71
2023-02-20 20:48:12,sensor_2,Type 2,-20
2023-02-20 20:48:13,sensor_3,Type 3,-14
2023-02-20 20:48:13,sensor_0,Base,-56
2023-02-20 20:48:14,sensor_2,Type 2,13
2023-02-20 20:48:14,sensor_4,Type 4,-27
2023-02-20 20:48:16,sensor_2,Type 2,48
2023-02-20 20:48:16,sensor_3,Type 3,-37
2023-02-20 20:48:18,sensor_2,Type 2,14
2023-02-20 20:48:18,sensor_1,Type 1,-35
2023-02-20 20:48:18,sensor_0,Base,76
2023-02-20 20:48:19,sensor_3,Type 3,-18
2023-02-20 20:48:20,sensor_2,Type 2,48
2023-02-20 20:48:22,sensor_2,Type 2,-29
2023-02-20 20:48:22,sensor_3,Type 3,11
2023-02-20 20:48:22,sensor_4,Type 4,41
2023-02-20 20:48:23,sensor_0,Base,-6
2023-02-20 20:48:24,sensor_2,Type 2,53
2023-02-20 20:48:25,sensor_3,Type 3,67
2023-02-20 20:48:26,sensor_2,Type 2,-69
2023-02-20 20:48:28,sensor_2,Type 2,-5
2023-02-20 20:48:28,sensor_1,Type 1,66
2023-02-20 20:48:28,sensor_3,Type 3,66
2023-02-20 20:48:29,sensor_0,Base,-52
2023-02-20 20:48:30,sensor_2,Type 2,-63
2023-02-20 20:48:30,sensor_4,Type 4,32
2023-02-20 20:48:31,sensor_3,Type 3,-89
2023-02-20 20:48:32,sensor_2,Type 2,82
2023-02-20 20:48:34,sensor_0,Base,14
2023-02-20 20:48:34,sensor_2,Type 2,-77
2023-02-20 20:48:34,sensor_3,Type 3,46
2023-02-20 20:48:36,sensor_2,Type 2,-44
2023-02-20 20:48:37,sensor_3,Type 3,75
2023-02-20 20:48:38,sensor_2,Type 2,39
2023-02-20 20:48:38,sensor_1,Type 1,-64
2023-02-20 20:48:38,sensor_4,Type 4,35
2023-02-20 20:48:39,sensor_0,Base,-53
2023-02-20 20:48:40,sensor_2,Type 2,91
2023-02-20 20:48:40,sensor_3,Type 3,-50
2023-02-20 20:48:42,sensor_2,Type 2,-57
2023-02-20 20:48:43,sensor_3,Type 3,80
2023-02-20 20:48:44,sensor_0,Base,66
2023-02-20 20:48:44,sensor_2,Type 2,-34
2023-02-20 20:48:46,sensor_2,Type 2,-73
2023-02-20 20:48:46,sensor_3,Type 3,56
2023-02-20 20:48:46,sensor_4,Type 4,-62
2023-02-20 20:48:48,sensor_2,Type 2,56
2023-02-20 20:48:48,sensor_1,Type 1,51
2023-02-20 20:48:49,sensor_0,Base,-44
2023-02-20 20:48:49,sensor_3,Type 3,80
2023-02-20 20:48:50,sensor_2,Type 2,-39
2023-02-20 20:48:52,sensor_2,Type 2,59
2023-02-20 20:48:52,sensor_3,Type 3,-88
2023-02-20 20:48:54,sensor_0,Base,-40
2023-02-20 20:48:54,sensor_2,Type 2,50
2023-02-20 20:48:54,sensor_4,Type 4,-53
2023-02-20 20:48:55,sensor_3,Type 3,42
2023-02-20 20:48:56,sensor_2,Type 2,39
2023-02-20 20:48:58,sensor_2,Type 2,92
2023-02-20 20:48:58,sensor_1,Type 1,4
2023-02-20 20:48:58,sensor_3,Type 3,-89
2023-02-20 20:48:59,sensor_0,Base,6
2023-02-20 20:49:00,sensor_2,Type 2,96
2023-02-20 20:49:02,sensor_2,Type 2,50
2023-02-20 20:49:02,sensor_4,Type 4,60
2023-02-20 20:49:04,sensor_0,Base,60
2023-02-20 20:49:04,sensor_2,Type 2,-13
2023-02-20 20:49:04,sensor_3,Type 3,15
2023-02-20 20:49:06,sensor_2,Type 2,28
2023-02-20 20:49:07,sensor_3,Type 3,-15
2023-02-20 20:49:08,sensor_2,Type 2,-23
2023-02-20 20:49:08,sensor_1,Type 1,28
2023-02-20 20:49:09,sensor_0,Base,-79
2023-02-20 20:49:10,sensor_2,Type 2,37
2023-02-20 20:49:10,sensor_4,Type 4,35
2023-02-20 20:49:10,sensor_3,Type 3,-30
2023-02-20 20:49:12,sensor_2,Type 2,-91
2023-02-20 20:49:13,sensor_3,Type 3,72
2023-02-20 20:49:14,sensor_0,Base,-10
2023-02-20 20:49:14,sensor_2,Type 2,1
2023-02-20 20:49:16,sensor_2,Type 2,-26
2023-02-20 20:49:16,sensor_3,Type 3,-87
2023-02-20 20:49:18,sensor_2,Type 2,-38
2023-02-20 20:49:18,sensor_1,Type 1,-83
2023-02-20 20:49:18,sensor_4,Type 4,94
2023-02-20 20:49:19,sensor_0,Base,-55
2023-02-20 20:49:19,sensor_3,Type 3,2
2023-02-20 20:49:20,sensor_2,Type 2,-67
2023-02-20 20:49:22,sensor_2,Type 2,20
2023-02-20 20:49:22,sensor_3,Type 3,45
2023-02-20 20:49:24,sensor_0,Base,-94
2023-02-20 20:49:24,sensor_2,Type 2,13
2023-02-20 20:49:25,sensor_3,Type 3,-71
2023-02-20 20:49:26,sensor_2,Type 2,99
2023-02-20 20:49:26,sensor_4,Type 4,52
2023-02-20 20:49:28,sensor_2,Type 2,-33
2023-02-20 20:49:28,sensor_1,Type 1,78
2023-02-20 20:49:28,sensor_3,Type 3,70
2023-02-20 20:49:29,sensor_0,Base,53
2023-02-20 20:49:30,sensor_2,Type 2,-81
2023-02-20 20:49:31,sensor_3,Type 3,-66
2023-02-20 20:49:32,sensor_2,Type 2,29
2023-02-20 20:49:34,sensor_0,Base,-2
2023-02-20 20:49:34,sensor_2,Type 2,-98
2023-02-20 20:49:34,sensor_4,Type 4,30
2023-02-20 20:49:34,sensor_3,Type 3,-79
2023-02-20 20:49:36,sensor_2,Type 2,74
2023-02-20 20:49:37,sensor_3,Type 3,62
2023-02-20 20:49:38,sensor_2,Type 2,-36
2023-02-20 20:49:38,sensor_1,Type 1,-79
2023-02-20 20:49:39,sensor_0,Base,-58
2023-02-20 20:49:40,sensor_2,Type 2,-1
2023-02-20 20:49:40,sensor_3,Type 3,50
2023-02-20 20:49:42,sensor_2,Type 2,-50
2023-02-20 20:49:42,sensor_4,Type 4,66
2023-02-20 20:49:43,sensor_3,Type 3,-30
2023-02-20 20:49:44,sensor_0,Base,-29
2023-02-20 20:49:44,sensor_2,Type 2,17
2023-02-20 20:49:46,sensor_2,Type 2,-2
2023-02-20 20:49:46,sensor_3,Type 3,-68
2023-02-20 20:49:48,sensor_2,Type 2,61
2023-02-20 20:49:48,sensor_1,Type 1,-55
2023-02-20 20:49:49,sensor_0,Base,5
2023-02-20 20:49:49,sensor_3,Type 3,86
2023-02-20 20:49:50,sensor_2,Type 2,-58
2023-02-20 20:49:50,sensor_4,Type 4,11
2023-02-20 20:49:52,sensor_2,Type 2,30
2023-02-20 20:49:52,sensor_3,Type 3,92
2023-02-20 20:49:54,sensor_0,Base,31
2023-02-20 20:49:54,sensor_2,Type 2,99
2023-02-20 20:49:55,sensor_3,Type 3,98
2023-02-20 20:49:56,sensor_2,Type 2,41
2023-02-20 20:49:58,sensor_2,Type 2,-79
2023-02-20 20:49:58,sensor_1,Type 1,-6
2023-02-20 20:49:58,sensor_4,Type 4,88
2023-02-20 20:49:58,sensor_3,Type 3,16
2023-02-20 20:49:59,sensor_0,Base,68
2023-02-20 20:50:00,sensor_2,Type 2,83
2023-02-20 20:50:01,sensor_3,Type 3,94
2023-02-20 20:50:02,sensor_2,Type 2,30
2023-02-20 20:50:04,sensor_0,Base,92
2023-02-20 20:50:04,sensor_2,Type 2,-99
2023-02-20 20:50:04,sensor_3,Type 3,-42
2023-02-20 20:50:06,sensor_2,Type 2,91
2023-02-20 20:50:06,sensor_4,Type 4,-25
2023-02-20 20:50:07,sensor_3,Type 3,-24
2023-02-20 20:50:08,sensor_2,Type 2,77
2023-02-20 20:50:08,sensor_1,Type 1,-22
2023-02-20 20:50:09,sensor_0,Base,28
2023-02-20 20:50:10,sensor_2,Type 2,-91
2023-02-20 20:50:11,sensor_3,Type 3,19
2023-02-20 20:50:12,sensor_2,Type 2,50
2023-02-20 20:50:14,sensor_3,Type 3,-48
2023-02-20 20:50:14,sensor_0,Base,48
2023-02-20 20:50:14,sensor_2,Type 2,-12
2023-02-20 20:50:14,sensor_4,Type 4,90
2023-02-20 20:50:16,sensor_2,Type 2,24
2023-02-20 20:50:17,sensor_3,Type 3,-30
2023-02-20 20:50:18,sensor_2,Type 2,75
2023-02-20 20:50:18,sensor_1,Type 1,28
2023-02-20 20:50:19,sensor_0,Base,-85
2023-02-20 20:50:20,sensor_3,Type 3,50
2023-02-20 20:50:20,sensor_2,Type 2,-14
2023-02-20 20:50:22,sensor_2,Type 2,87
2023-02-20 20:50:22,sensor_4,Type 4,96
2023-02-20 20:50:23,sensor_3,Type 3,-90
2023-02-20 20:50:24,sensor_0,Base,4
2023-02-20 20:50:24,sensor_2,Type 2,67
2023-02-20 20:50:26,sensor_3,Type 3,56
2023-02-20 20:50:26,sensor_2,Type 2,-15
2023-02-20 20:50:28,sensor_2,Type 2,-55
2023-02-20 20:50:28,sensor_1,Type 1,43
2023-02-20 20:50:29,sensor_3,Type 3,88
2023-02-20 20:50:29,sensor_0,Base,-72
2023-02-20 20:50:30,sensor_2,Type 2,-68
2023-02-20 20:50:30,sensor_4,Type 4,41
2023-02-20 20:50:32,sensor_3,Type 3,50
2023-02-20 20:50:32,sensor_2,Type 2,7
2023-02-20 20:50:34,sensor_0,Base,-8
2023-02-20 20:50:34,sensor_2,Type 2,32
2023-02-20 20:50:35,sensor_3,Type 3,-37
2023-02-20 20:50:36,sensor_2,Type 2,62
2023-02-20 20:50:38,sensor_3,Type 3,85
2023-02-20 20:50:38,sensor_2,Type 2,37
2023-02-20 20:50:38,sensor_1,Type 1,-49
2023-02-20 20:50:38,sensor_4,Type 4,45
2023-02-20 20:50:39,sensor_0,Base,-25
2023-02-20 20:50:40,sensor_2,Type 2,74
2023-02-20 20:50:41,sensor_3,Type 3,-31
2023-02-20 20:50:42,sensor_2,Type 2,-39
2023-02-20 20:50:44,sensor_3,Type 3,-85
2023-02-20 20:50:44,sensor_0,Base,19
2023-02-20 20:50:44,sensor_2,Type 2,-51
2023-02-20 20:50:46,sensor_2,Type 2,24
2023-02-20 20:50:46,sensor_4,Type 4,12
2023-02-20 20:50:47,sensor_3,Type 3,29
2023-02-20 20:50:48,sensor_2,Type 2,66
2023-02-20 20:50:48,sensor_1,Type 1,-81
2023-02-20 20:50:49,sensor_0,Base,42
2023-02-20 20:50:50,sensor_3,Type 3,-1
2023-02-20 20:50:50,sensor_2,Type 2,17
2023-02-20 20:50:52,sensor_2,Type 2,-69
2023-02-20 20:50:53,sensor_3,Type 3,-75
2023-02-20 20:50:54,sensor_0,Base,-86
2023-02-20 20:50:54,sensor_2,Type 2,-28
2023-02-20 20:50:54,sensor_4,Type 4,51
2023-02-20 20:50:56,sensor_3,Type 3,-64
2023-02-20 20:50:56,sensor_2,Type 2,0
2023-02-20 20:50:58,sensor_2,Type 2,-9
2023-02-20 20:50:58,sensor_1,Type 1,5
2023-02-20 20:50:59,sensor_3,Type 3,-21
2023-02-20 20:50:59,sensor_0,Base,71
2023-02-20 20:51:00,sensor_2,Type 2,56
2023-02-20 20:51:02,sensor_3,Type 3,-44
2023-02-20 20:51:02,sensor_2,Type 2,98
2023-02-20 20:51:02,sensor_4,Type 4,-34
2023-02-20 20:51:04,sensor_0,Base,72
2023-02-20 20:51:04,sensor_2,Type 2,35
2023-02-20 20:51:05,sensor_3,Type 3,90
2023-02-20 20:51:06,sensor_2,Type 2,17
2023-02-20 20:51:08,sensor_3,Type 3,-92
2023-02-20 20:51:08,sensor_1,Type 1,52
2023-02-20 20:51:08,sensor_2,Type 2,21
2023-02-20 20:51:09,sensor_0,Base,-3
2023-02-20 20:51:10,sensor_2,Type 2,-1
2023-02-20 20:51:10,sensor_4,Type 4,-19
2023-02-20 20:51:11,sensor_3,Type 3,0
2023-02-20 20:51:12,sensor_2,Type 2,-5
2023-02-20 20:51:14,sensor_3,Type 3,53
2023-02-20 20:51:14,sensor_0,Base,50
2023-02-20 20:51:14,sensor_2,Type 2,-29
2023-02-20 20:51:16,sensor_2,Type 2,-60
2023-02-20 20:51:17,sensor_3,Type 3,-64
2023-02-20 20:51:18,sensor_1,Type 1,-94
2023-02-20 20:51:18,sensor_2,Type 2,81
2023-02-20 20:51:18,sensor_4,Type 4,42
2023-02-20 20:51:19,sensor_0,Base,12
2023-02-20 20:51:20,sensor_3,Type 3,68
2023-02-20 20:51:20,sensor_2,Type 2,82
2023-02-20 20:51:22,sensor_2,Type 2,88
2023-02-20 20:51:23,sensor_3,Type 3,-26
2023-02-20 20:51:24,sensor_0,Base,-76
2023-02-20 20:51:24,sensor_2,Type 2,96
2023-02-20 20:51:26,sensor_3,Type 3,79
2023-02-20 20:51:26,sensor_2,Type 2,-20
2023-02-20 20:51:26,sensor_4,Type 4,-67
2023-02-20 20:51:28,sensor_1,Type 1,-43
2023-02-20 20:51:28,sensor_2,Type 2,25
2023-02-20 20:51:29,sensor_3,Type 3,-10
2023-02-20 20:51:29,sensor_0,Base,-68
2023-02-20 20:51:30,sensor_2,Type 2,63
2023-02-20 20:51:32,sensor_3,Type 3,-19
2023-02-20 20:51:32,sensor_2,Type 2,16
2023-02-20 20:51:34,sensor_0,Base,28
2023-02-20 20:51:34,sensor_2,Type 2,48
2023-02-20 20:51:34,sensor_4,Type 4,-98
2023-02-20 20:51:35,sensor_3,Type 3,25
2023-02-20 20:51:36,sensor_2,Type 2,-57
2023-02-20 20:51:38,sensor_3,Type 3,84
2023-02-20 20:51:38,sensor_1,Type 1,-91
2023-02-20 20:51:38,sensor_2,Type 2,-2
2023-02-20 20:51:39,sensor_0,Base,-81
2023-02-20 20:51:40,sensor_2,Type 2,97
2023-02-20 20:51:41,sensor_3,Type 3,-43
2023-02-20 20:51:42,sensor_2,Type 2,-82
2023-02-20 20:51:42,sensor_4,Type 4,-53
2023-02-20 20:51:44,sensor_3,Type 3,34
2023-02-20 20:51:44,sensor_0,Base,-13
2023-02-20 20:51:44,sensor_2,Type 2,-79
2023-02-20 20:51:46,sensor_2,Type 2,82
2023-02-20 20:51:47,sensor_3,Type 3,79
2023-02-20 20:51:48,sensor_1,Type 1,15
2023-02-20 20:51:48,sensor_2,Type 2,-81
2023-02-20 20:51:49,sensor_0,Base,-80
2023-02-20 20:51:50,sensor_3,Type 3,-90
2023-02-20 20:51:50,sensor_2,Type 2,-97
2023-02-20 20:51:51,sensor_4,Type 4,-42
2023-02-20 20:51:52,sensor_2,Type 2,-85
2023-02-20 20:51:53,sensor_3,Type 3,41
2023-02-20 20:51:54,sensor_0,Base,3
2023-02-20 20:51:54,sensor_2,Type 2,40
2023-02-20 20:51:56,sensor_3,Type 3,71
2023-02-20 20:51:56,sensor_2,Type 2,-87
2023-02-20 20:51:58,sensor_1,Type 1,90
2023-02-20 20:51:58,sensor_2,Type 2,-54
2023-02-20 20:51:59,sensor_4,Type 4,-49
2023-02-20 20:51:59,sensor_0,Base,-48
2023-02-20 20:51:59,sensor_3,Type 3,68
2023-02-20 20:52:00,sensor_2,Type 2,27
2023-02-20 20:52:02,sensor_3,Type 3,-59
2023-02-20 20:52:02,sensor_2,Type 2,15
2023-02-20 20:52:04,sensor_0,Base,80
2023-02-20 20:52:04,sensor_2,Type 2,22
2023-02-20 20:52:05,sensor_3,Type 3,26
2023-02-20 20:52:06,sensor_2,Type 2,-56
2023-02-20 20:52:07,sensor_4,Type 4,-13
2023-02-20 20:52:08,sensor_3,Type 3,81
2023-02-20 20:52:08,sensor_1,Type 1,24
2023-02-20 20:52:08,sensor_2,Type 2,-35
2023-02-20 20:52:09,sensor_0,Base,-4
2023-02-20 20:52:10,sensor_2,Type 2,76
2023-02-20 20:52:11,sensor_3,Type 3,-35
2023-02-20 20:52:12,sensor_2,Type 2,-72
2023-02-20 20:52:14,sensor_0,Base,-36
2023-02-20 20:52:14,sensor_3,Type 3,-50
2023-02-20 20:52:14,sensor_2,Type 2,-100
2023-02-20 20:52:15,sensor_4,Type 4,-98
2023-02-20 20:52:16,sensor_2,Type 2,-91
2023-02-20 20:52:17,sensor_3,Type 3,-54
2023-02-20 20:52:18,sensor_1,Type 1,-79
2023-02-20 20:52:18,sensor_2,Type 2,88
2023-02-20 20:52:19,sensor_0,Base,57
2023-02-20 20:52:20,sensor_3,Type 3,-23
2023-02-20 20:52:20,sensor_2,Type 2,-90
2023-02-20 20:52:22,sensor_2,Type 2,39
2023-02-20 20:52:23,sensor_4,Type 4,-84
2023-02-20 20:52:23,sensor_3,Type 3,69
2023-02-20 20:52:24,sensor_0,Base,-49
2023-02-20 20:52:24,sensor_2,Type 2,87
2023-02-20 20:52:26,sensor_3,Type 3,93
2023-02-20 20:52:26,sensor_2,Type 2,-55
2023-02-20 20:52:28,sensor_1,Type 1,-8
2023-02-20 20:52:29,sensor_2,Type 2,15
2023-02-20 20:52:29,sensor_0,Base,-59
2023-02-20 20:52:29,sensor_3,Type 3,8
2023-02-20 20:52:31,sensor_2,Type 2,-26
2023-02-20 20:52:31,sensor_4,Type 4,31
2023-02-20 20:52:32,sensor_3,Type 3,-10
2023-02-20 20:52:33,sensor_2,Type 2,41
2023-02-20 20:52:34,sensor_0,Base,39
2023-02-20 20:52:35,sensor_2,Type 2,11
2023-02-20 20:52:35,sensor_3,Type 3,97
2023-02-20 20:52:37,sensor_2,Type 2,-84
2023-02-20 20:52:38,sensor_3,Type 3,0
2023-02-20 20:52:38,sensor_1,Type 1,47
2023-02-20 20:52:39,sensor_2,Type 2,-10
2023-02-20 20:52:39,sensor_4,Type 4,-78
2023-02-20 20:52:39,sensor_0,Base,-3
2023-02-20 20:52:41,sensor_2,Type 2,91
2023-02-20 20:52:41,sensor_3,Type 3,26
2023-02-20 20:52:43,sensor_2,Type 2,-65
2023-02-20 20:52:44,sensor_0,Base,-24
2023-02-20 20:52:44,sensor_3,Type 3,-64
2023-02-20 20:52:45,sensor_2,Type 2,-16
2023-02-20 20:52:47,sensor_2,Type 2,-59
2023-02-20 20:52:47,sensor_4,Type 4,-97
2023-02-20 20:52:47,sensor_3,Type 3,-63
2023-02-20 20:52:48,sensor_1,Type 1,46
2023-02-20 20:52:49,sensor_2,Type 2,-36
2023-02-20 20:52:49,sensor_0,Base,-92
2023-02-20 20:52:50,sensor_3,Type 3,-35
2023-02-20 20:52:51,sensor_2,Type 2,-10
2023-02-20 20:52:53,sensor_2,Type 2,41
2023-02-20 20:52:53,sensor_3,Type 3,90
2023-02-20 20:52:54,sensor_0,Base,-81
2023-02-20 20:52:55,sensor_4,Type 4,-32
2023-02-20 20:52:55,sensor_2,Type 2,-65
2023-02-20 20:52:56,sensor_3,Type 3,-41
2023-02-20 20:52:57,sensor_2,Type 2,-70
2023-02-20 20:52:58,sensor_1,Type 1,44
2023-02-20 20:52:59,sensor_2,Type 2,27
2023-02-20 20:52:59,sensor_0,Base,64
2023-02-20 20:52:59,sensor_3,Type 3,96
2023-02-20 20:53:01,sensor_2,Type 2,-50
2023-02-20 20:53:02,sensor_3,Type 3,56
2023-02-20 20:53:03,sensor_4,Type 4,44
2023-02-20 20:53:03,sensor_2,Type 2,-6
2023-02-20 20:53:04,sensor_0,Base,-97
2023-02-20 20:53:05,sensor_2,Type 2,52
2023-02-20 20:53:05,sensor_3,Type 3,-98
2023-02-20 20:53:07,sensor_2,Type 2,69
2023-02-20 20:53:08,sensor_3,Type 3,-27
2023-02-20 20:53:08,sensor_1,Type 1,89
2023-02-20 20:53:09,sensor_2,Type 2,-2
2023-02-20 20:53:09,sensor_0,Base,-43
2023-02-20 20:53:11,sensor_4,Type 4,-32
2023-02-20 20:53:11,sensor_2,Type 2,-13
2023-02-20 20:53:11,sensor_3,Type 3,41
2023-02-20 20:53:13,sensor_2,Type 2,52
2023-02-20 20:53:14,sensor_0,Base,-79
2023-02-20 20:53:14,sensor_3,Type 3,-39
2023-02-20 20:53:15,sensor_2,Type 2,67
2023-02-20 20:53:17,sensor_2,Type 2,30
2023-02-20 20:53:17,sensor_3,Type 3,41
2023-02-20 20:53:18,sensor_1,Type 1,-97
2023-02-20 20:53:19,sensor_4,Type 4,-60
2023-02-20 20:53:19,sensor_2,Type 2,-30
2023-02-20 20:53:19,sensor_0,Base,94
2023-02-20 20:53:20,sensor_3,Type 3,-39
2023-02-20 20:53:21,sensor_2,Type 2,84
2023-02-20 20:53:23,sensor_2,Type 2,16
2023-02-20 20:53:23,sensor_3,Type 3,-40
2023-02-20 20:53:24,sensor_0,Base,88
2023-02-20 20:53:25,sensor_2,Type 2,-39
2023-02-20 20:53:26,sensor_3,Type 3,-77
2023-02-20 20:53:27,sensor_4,Type 4,57
2023-02-20 20:53:27,sensor_2,Type 2,-39
2023-02-20 20:53:28,sensor_1,Type 1,24
2023-02-20 20:53:29,sensor_2,Type 2,1
2023-02-20 20:53:29,sensor_0,Base,-48
2023-02-20 20:53:29,sensor_3,Type 3,-7
2023-02-20 20:53:31,sensor_2,Type 2,71
2023-02-20 20:53:32,sensor_3,Type 3,43
2023-02-20 20:53:33,sensor_2,Type 2,-25
2023-02-20 20:53:34,sensor_0,Base,21
2023-02-20 20:53:35,sensor_4,Type 4,78
2023-02-20 20:53:35,sensor_2,Type 2,-3
2023-02-20 20:53:35,sensor_3,Type 3,26
2023-02-20 20:53:37,sensor_2,Type 2,68
2023-02-20 20:53:38,sensor_3,Type 3,-91
2023-02-20 20:53:38,sensor_1,Type 1,23
2023-02-20 20:53:39,sensor_2,Type 2,-99
2023-02-20 20:53:39,sensor_0,Base,-72
2023-02-20 20:53:41,sensor_2,Type 2,29
2023-02-20 20:53:41,sensor_3,Type 3,-70
2023-02-20 20:53:43,sensor_4,Type 4,81
2023-02-20 20:53:43,sensor_2,Type 2,42
2023-02-20 20:53:44,sensor_0,Base,13
2023-02-20 20:53:44,sensor_3,Type 3,-71
2023-02-20 20:53:45,sensor_2,Type 2,14
2023-02-20 20:53:47,sensor_2,Type 2,-78
2023-02-20 20:53:47,sensor_3,Type 3,-13
2023-02-20 20:53:48,sensor_1,Type 1,88
2023-02-20 20:53:49,sensor_2,Type 2,32
2023-02-20 20:53:49,sensor_0,Base,-33
2023-02-20 20:53:50,sensor_3,Type 3,-81
2023-02-20 20:53:51,sensor_4,Type 4,96
2023-02-20 20:53:51,sensor_2,Type 2,-66
2023-02-20 20:53:53,sensor_2,Type 2,6
2023-02-20 20:53:53,sensor_3,Type 3,-90
2023-02-20 20:53:54,sensor_0,Base,-78
2023-02-20 20:53:55,sensor_2,Type 2,-46
2023-02-20 20:53:56,sensor_3,Type 3,97
2023-02-20 20:53:57,sensor_2,Type 2,68
2023-02-20 20:53:58,sensor_1,Type 1,-89
2023-02-20 20:53:59,sensor_4,Type 4,12
2023-02-20 20:53:59,sensor_2,Type 2,-38
2023-02-20 20:53:59,sensor_0,Base,69
2023-02-20 20:53:59,sensor_3,Type 3,17
2023-02-20 20:54:01,sensor_2,Type 2,-16
2023-02-20 20:54:02,sensor_3,Type 3,-73
2023-02-20 20:54:03,sensor_2,Type 2,32
2023-02-20 20:54:04,sensor_0,Base,94
2023-02-20 20:54:05,sensor_2,Type 2,-6
2023-02-20 20:54:05,sensor_3,Type 3,23
2023-02-20 20:54:07,sensor_4,Type 4,20
2023-02-20 20:54:07,sensor_2,Type 2,51
2023-02-20 20:54:08,sensor_3,Type 3,52
2023-02-20 20:54:08,sensor_1,Type 1,79
2023-02-20 20:54:09,sensor_2,Type 2,-73
2023-02-20 20:54:09,sensor_0,Base,-92
2023-02-20 20:54:11,sensor_2,Type 2,15
2023-02-20 20:54:11,sensor_3,Type 3,79
2023-02-20 20:54:13,sensor_2,Type 2,37
2023-02-20 20:54:14,sensor_0,Base,-15
2023-02-20 20:54:14,sensor_3,Type 3,13
2023-02-20 20:54:15,sensor_4,Type 4,8
2023-02-20 20:54:15,sensor_2,Type 2,95
2023-02-20 20:54:17,sensor_2,Type 2,96
2023-02-20 20:54:17,sensor_3,Type 3,7
2023-02-20 20:54:18,sensor_1,Type 1,-72
2023-02-20 20:54:19,sensor_2,Type 2,-42
2023-02-20 20:54:19,sensor_0,Base,-23
2023-02-20 20:54:20,sensor_3,Type 3,-42
2023-02-20 20:54:21,sensor_2,Type 2,-75
2023-02-20 20:54:23,sensor_4,Type 4,-33
2023-02-20 20:54:23,sensor_2,Type 2,-2
2023-02-20 20:54:23,sensor_3,Type 3,43
2023-02-20 20:54:24,sensor_0,Base,93
2023-02-20 20:54:25,sensor_2,Type 2,-27
2023-02-20 20:54:26,sensor_3,Type 3,-91
2023-02-20 20:54:27,sensor_2,Type 2,3
2023-02-20 20:54:28,sensor_1,Type 1,6
2023-02-20 20:54:29,sensor_2,Type 2,-26
2023-02-20 20:54:29,sensor_0,Base,13
2023-02-20 20:54:29,sensor_3,Type 3,-25
2023-02-20 20:54:31,sensor_4,Type 4,63
2023-02-20 20:54:31,sensor_2,Type 2,-74
2023-02-20 20:54:32,sensor_3,Type 3,-53
2023-02-20 20:54:33,sensor_2,Type 2,90
2023-02-20 20:54:34,sensor_0,Base,-37
2023-02-20 20:54:35,sensor_2,Type 2,80
2023-02-20 20:54:35,sensor_3,Type 3,-65
2023-02-20 20:54:37,sensor_2,Type 2,-42
2023-02-20 20:54:38,sensor_3,Type 3,92
2023-02-20 20:54:38,sensor_1,Type 1,69
2023-02-20 20:54:39,sensor_4,Type 4,1
2023-02-20 20:54:39,sensor_2,Type 2,-11
2023-02-20 20:54:39,sensor_0,Base,-93
2023-02-20 20:54:41,sensor_2,Type 2,-79
2023-02-20 20:54:41,sensor_3,Type 3,-35
2023-02-20 20:54:43,sensor_2,Type 2,37
2023-02-20 20:54:44,sensor_0,Base,2
2023-02-20 20:54:44,sensor_3,Type 3,64
2023-02-20 20:54:45,sensor_2,Type 2,34
2023-02-20 20:54:47,sensor_4,Type 4,59
2023-02-20 20:54:47,sensor_2,Type 2,18
2023-02-20 20:54:47,sensor_3,Type 3,-54
2023-02-20 20:54:48,sensor_1,Type 1,45
2023-02-20 20:54:49,sensor_2,Type 2,-16
2023-02-20 20:54:49,sensor_0,Base,19
2023-02-20 20:54:50,sensor_3,Type 3,4
2023-02-20 20:54:51,sensor_2,Type 2,14
2023-02-20 20:54:53,sensor_2,Type 2,79
2023-02-20 20:54:53,sensor_3,Type 3,-94
2023-02-20 20:54:54,sensor_0,Base,14
2023-02-20 20:54:55,sensor_4,Type 4,-31
2023-02-20 20:54:55,sensor_2,Type 2,83
2023-02-20 20:54:56,sensor_3,Type 3,20
2023-02-20 20:54:57,sensor_2,Type 2,68
2023-02-20 20:54:58,sensor_1,Type 1,-7
2023-02-20 20:54:59,sensor_2,Type 2,10
2023-02-20 20:54:59,sensor_0,Base,2
2023-02-20 20:54:59,sensor_3,Type 3,98
2023-02-20 20:55:01,sensor_2,Type 2,78
2023-02-20 20:55:02,sensor_3,Type 3,86
2023-02-20 20:55:03,sensor_4,Type 4,7
2023-02-20 20:55:03,sensor_2,Type 2,19
2023-02-20 20:55:04,sensor_0,Base,-33
2023-02-20 20:55:05,sensor_2,Type 2,59
2023-02-20 20:55:05,sensor_3,Type 3,-66
2023-02-20 20:55:07,sensor_2,Type 2,-67
2023-02-20 20:55:08,sensor_3,Type 3,81
2023-02-20 20:55:08,sensor_1,Type 1,40
2023-02-20 20:55:09,sensor_2,Type 2,-60
2023-02-20 20:55:09,sensor_0,Base,-19
2023-02-20 20:55:11,sensor_4,Type 4,-50
2023-02-20 20:55:11,sensor_2,Type 2,-65
2023-02-20 20:55:11,sensor_3,Type 3,-83
2023-02-20 20:55:13,sensor_2,Type 2,-33
2023-02-20 20:55:14,sensor_0,Base,17
2023-02-20 20:55:14,sensor_3,Type 3,-55
2023-02-20 20:55:15,sensor_2,Type 2,29
2023-02-20 20:55:17,sensor_2,Type 2,65
2023-02-20 20:55:17,sensor_3,Type 3,-52
2023-02-20 20:55:18,sensor_1,Type 1,-46
2023-02-20 20:55:19,sensor_4,Type 4,80
2023-02-20 20:55:19,sensor_2,Type 2,1
2023-02-20 20:55:19,sensor_0,Base,64
2023-02-20 20:55:20,sensor_3,Type 3,-68
2023-02-20 20:55:21,sensor_2,Type 2,72
2023-02-20 20:55:23,sensor_2,Type 2,35
2023-02-20 20:55:23,sensor_3,Type 3,-15
2023-02-20 20:55:24,sensor_0,Base,47
2023-02-20 20:55:25,sensor_2,Type 2,-50
2023-02-20 20:55:26,sensor_3,Type 3,-26
2023-02-20 20:55:27,sensor_4,Type 4,93
2023-02-20 20:55:27,sensor_2,Type 2,71
2023-02-20 20:55:28,sensor_1,Type 1,99
2023-02-20 20:55:29,sensor_2,Type 2,-58
2023-02-20 20:55:29,sensor_0,Base,89
2023-02-20 20:55:29,sensor_3,Type 3,55
2023-02-20 20:55:31,sensor_2,Type 2,-29
2023-02-20 20:55:32,sensor_3,Type 3,59
2023-02-20 20:55:33,sensor_2,Type 2,-49
2023-02-20 20:55:34,sensor_0,Base,-39
2023-02-20 20:55:35,sensor_4,Type 4,67
2023-02-20 20:55:35,sensor_2,Type 2,-90
2023-02-20 20:55:35,sensor_3,Type 3,10
2023-02-20 20:55:37,sensor_2,Type 2,-81
2023-02-20 20:55:38,sensor_3,Type 3,-5
2023-02-20 20:55:38,sensor_1,Type 1,-61
2023-02-20 20:55:39,sensor_2,Type 2,-21
2023-02-20 20:55:39,sensor_0,Base,21
2023-02-20 20:55:41,sensor_2,Type 2,33
2023-02-20 20:55:41,sensor_3,Type 3,66
2023-02-20 20:55:43,sensor_4,Type 4,-16
2023-02-20 20:55:43,sensor_2,Type 2,-9
2023-02-20 20:55:44,sensor_0,Base,76
2023-02-20 20:55:44,sensor_3,Type 3,-2
2023-02-20 20:55:45,sensor_2,Type 2,58
2023-02-20 20:55:47,sensor_2,Type 2,-60
2023-02-20 20:55:47,sensor_3,Type 3,-66
2023-02-20 20:55:48,sensor_1,Type 1,67
2023-02-20 20:55:49,sensor_0,Base,60
2023-02-20 20:55:49,sensor_2,Type 2,-92
2023-02-20 20:55:50,sensor_3,Type 3,-85
2023-02-20 20:55:51,sensor_4,Type 4,-69
2023-02-20 20:55:51,sensor_2,Type 2,75
2023-02-20 20:55:53,sensor_2,Type 2,-46
2023-02-20 20:55:53,sensor_3,Type 3,57
2023-02-20 20:55:54,sensor_0,Base,8
2023-02-20 20:55:55,sensor_2,Type 2,-11
2023-02-20 20:55:56,sensor_3,Type 3,9
2023-02-20 20:55:57,sensor_2,Type 2,99
2023-02-20 20:55:59,sensor_2,Type 2,54
2023-02-20 21:22:47,sensor_0,Base,66
2023-02-20 21:22:47,sensor_1,Type 1,-64
2023-02-20 21:22:47,sensor_2,Type 2,33
2023-02-20 21:22:47,sensor_3,Type 3,-35
2023-02-20 21:22:47,sensor_4,Type 4,11
2023-02-20 21:22:49,sensor_2,Type 2,-41
2023-02-20 21:22:50,sensor_3,Type 3,-34
2023-02-20 21:22:51,sensor_2,Type 2,-10
2023-02-20 21:22:52,sensor_0,Base,44
2023-02-20 21:22:53,sensor_3,Type 3,43
2023-02-20 21:22:53,sensor_2,Type 2,37
2023-02-20 21:22:55,sensor_4,Type 4,-33
2023-02-20 21:22:55,sensor_2,Type 2,78
2023-02-20 21:22:56,sensor_3,Type 3,63
2023-02-20 21:22:57,sensor_1,Type 1,48
2023-02-20 21:22:57,sensor_0,Base,85
2023-02-20 21:22:57,sensor_2,Type 2,17
2023-02-20 21:22:59,sensor_3,Type 3,97
2023-02-20 21:22:59,sensor_2,Type 2,49
2023-02-20 21:23:08,sensor_3,Type 3,-17
2023-02-20 21:23:09,sensor_2,Type 2,-91
2023-02-20 21:23:11,sensor_4,Type 4,-64
2023-02-20 21:23:11,sensor_3,Type 3,33
2023-02-20 21:23:11,sensor_2,Type 2,-45
2023-02-20 21:23:19,sensor_4,Type 4,20
2023-02-20 21:23:19,sensor_2,Type 2,-56
2023-02-20 21:23:20,sensor_3,Type 3,19
2023-02-20 21:23:21,sensor_2,Type 2,37
2023-02-20 21:23:22,sensor_0,Base,-65
2023-02-20 21:23:27,sensor_0,Base,47
2023-02-20 21:23:27,sensor_2,Type 2,58
2023-02-20 21:23:29,sensor_3,Type 3,43
2023-02-20 21:23:29,sensor_2,Type 2,82
2023-02-20 21:23:31,sensor_2,Type 2,10
2023-02-20 21:23:32,sensor_0,Base,50
2023-02-20 21:23:32,sensor_3,Type 3,-25
2023-02-20 21:23:33,sensor_2,Type 2,-71
2023-02-20 21:23:35,sensor_4,Type 4,-6
2023-02-20 21:23:35,sensor_2,Type 2,39
2023-02-20 21:23:37,sensor_1,Type 1,0
2023-02-20 21:23:37,sensor_0,Base,-49
2023-02-20 21:23:37,sensor_2,Type 2,82
2023-02-20 21:23:38,sensor_3,Type 3,-54
2023-02-20 21:23:39,sensor_2,Type 2,75
2023-02-20 21:23:41,sensor_3,Type 3,29
2023-02-20 21:23:41,sensor_2,Type 2,-100
2023-02-20 21:23:42,sensor_0,Base,19
2023-02-20 21:23:43,sensor_4,Type 4,-30
2023-02-20 21:23:43,sensor_2,Type 2,29
2023-02-20 21:23:44,sensor_3,Type 3,-58
2023-02-20 21:23:45,sensor_2,Type 2,-21
2023-02-20 21:23:47,sensor_1,Type 1,-71
2023-02-20 21:23:47,sensor_0,Base,-83
2023-02-20 21:23:47,sensor_3,Type 3,50
2023-02-20 21:23:47,sensor_2,Type 2,-59
2023-02-20 21:23:49,sensor_2,Type 2,-19
2023-02-20 21:23:50,sensor_3,Type 3,79
2023-02-20 21:23:51,sensor_4,Type 4,-76
2023-02-20 21:23:51,sensor_2,Type 2,94
2023-02-20 21:23:52,sensor_0,Base,-31
2023-02-20 21:23:53,sensor_3,Type 3,78
2023-02-20 21:23:53,sensor_2,Type 2,4
2023-02-20 21:23:55,sensor_2,Type 2,97
2023-02-20 21:23:56,sensor_3,Type 3,28
2023-02-20 21:23:57,sensor_1,Type 1,80
2023-02-20 21:23:57,sensor_0,Base,61
2023-02-20 21:23:57,sensor_2,Type 2,-41
2023-02-20 21:23:59,sensor_4,Type 4,-42
2023-02-20 21:23:59,sensor_3,Type 3,36
2023-02-20 21:23:59,sensor_2,Type 2,-38
2023-02-20 21:24:01,sensor_2,Type 2,-49
2023-02-20 21:24:02,sensor_0,Base,40
2023-02-20 21:24:02,sensor_3,Type 3,-90
2023-02-20 21:24:03,sensor_2,Type 2,-40
2023-02-20 21:24:05,sensor_3,Type 3,28
2023-02-20 21:24:05,sensor_2,Type 2,-97
2023-02-20 21:24:07,sensor_1,Type 1,-62
2023-02-20 21:24:07,sensor_4,Type 4,-5
2023-02-20 21:24:07,sensor_0,Base,-3
2023-02-20 21:24:07,sensor_2,Type 2,-13
2023-02-20 21:24:08,sensor_3,Type 3,77
2023-02-20 21:24:09,sensor_2,Type 2,-20
2023-02-20 21:24:11,sensor_3,Type 3,43
2023-02-20 21:24:11,sensor_2,Type 2,-55
2023-02-20 21:24:12,sensor_0,Base,43
2023-02-20 21:24:13,sensor_2,Type 2,-59
2023-02-20 21:24:14,sensor_3,Type 3,-52
2023-02-20 21:24:15,sensor_4,Type 4,0
2023-02-20 21:24:15,sensor_2,Type 2,26
2023-02-20 21:24:17,sensor_1,Type 1,96
2023-02-20 21:24:17,sensor_0,Base,68
2023-02-20 21:24:17,sensor_3,Type 3,90
2023-02-20 21:24:17,sensor_2,Type 2,11
2023-02-20 21:24:19,sensor_2,Type 2,-50
2023-02-20 21:24:20,sensor_3,Type 3,45
2023-02-20 21:24:21,sensor_2,Type 2,-56
2023-02-20 21:24:22,sensor_0,Base,28
2023-02-20 21:24:23,sensor_3,Type 3,79
2023-02-20 21:24:23,sensor_2,Type 2,-40
2023-02-20 21:24:25,sensor_2,Type 2,-92
